<?xml version="1.0" encoding="utf-8" standalone="yes" ?>
<rss version="2.0" xmlns:atom="http://www.w3.org/2005/Atom">
  <channel>
    <title>Nelson Bighetti | Cambridge Machine Learning Group RSS2 Feed</title>
    <link>http://sagmeticinfotech.com/hugo/author/nelson-bighetti/</link>
      <atom:link href="http://sagmeticinfotech.com/hugo/author/nelson-bighetti/index.xml" rel="self" type="application/rss+xml" />
    <description>Nelson Bighetti</description>
    <generator>Wowchemy (https://wowchemy.com)</generator><language>en-us</language>
    <image>
      <url>http://sagmeticinfotech.com/hugo/author/nelson-bighetti/avatar_hube350cae9c7ebe2ed4a58d0f8e0a54cc_2104099_270x270_fill_q75_lanczos_center.jpg</url>
      <title>Nelson Bighetti</title>
      <link>http://sagmeticinfotech.com/hugo/author/nelson-bighetti/</link>
    </image>
    
  </channel>
</rss>
