<?xml version="1.0" encoding="utf-8" standalone="yes" ?>
<rss version="2.0" xmlns:atom="http://www.w3.org/2005/Atom">
  <channel>
    <title>Source Themes | Cambridge Machine Learning Group RSS2 Feed</title>
    <link>http://sagmeticinfotech.com/mlg.eng.cam.ac.uk/tag/source-themes/</link>
      <atom:link href="http://sagmeticinfotech.com/mlg.eng.cam.ac.uk/tag/source-themes/index.xml" rel="self" type="application/rss+xml" />
    <description>Source Themes</description>
    <generator>Wowchemy (https://wowchemy.com)</generator><language>en-us</language><lastBuildDate>Sun, 07 Apr 2019 00:00:00 +0000</lastBuildDate>
    <image>
      <url>http://sagmeticinfotech.com/mlg.eng.cam.ac.uk/media/logo_hu09f54101120f3874eab4ed13c8fe6ea8_97893_300x300_fit_lanczos_3.png</url>
      <title>Source Themes</title>
      <link>http://sagmeticinfotech.com/mlg.eng.cam.ac.uk/tag/source-themes/</link>
    </image>
    
    <item>
      <title>An example preprint / working paper</title>
      <link>http://sagmeticinfotech.com/mlg.eng.cam.ac.uk/publication/preprint/</link>
      <pubDate>Sun, 07 Apr 2019 00:00:00 +0000</pubDate>
      <guid>http://sagmeticinfotech.com/mlg.eng.cam.ac.uk/publication/preprint/</guid>
      <description>&lt;p&gt;Supplementary notes can be added here, including &lt;a href=&#34;https://wowchemy.com/docs/content/writing-markdown-latex/&#34; target=&#34;_blank&#34; rel=&#34;noopener&#34;&gt;code and math&lt;/a&gt;.&lt;/p&gt;
</description>
    </item>
    
    <item>
      <title>An example journal article</title>
      <link>http://sagmeticinfotech.com/mlg.eng.cam.ac.uk/publication/journal-article/</link>
      <pubDate>Tue, 01 Sep 2015 00:00:00 +0000</pubDate>
      <guid>http://sagmeticinfotech.com/mlg.eng.cam.ac.uk/publication/journal-article/</guid>
      <description>&lt;div class=&#34;alert alert-note&#34;&gt;
  &lt;div&gt;
    Click the &lt;em&gt;Cite&lt;/em&gt; button above to demo the feature to enable visitors to import publication metadata into their reference management software.
  &lt;/div&gt;
&lt;/div&gt;
&lt;p&gt;Supplementary notes can be added here, including &lt;a href=&#34;https://wowchemy.com/docs/content/writing-markdown-latex/&#34; target=&#34;_blank&#34; rel=&#34;noopener&#34;&gt;code and math&lt;/a&gt;.&lt;/p&gt;
</description>
    </item>
    
    <item>
      <title>An example conference paper</title>
      <link>http://sagmeticinfotech.com/mlg.eng.cam.ac.uk/publication/conference-paper/</link>
      <pubDate>Mon, 01 Jul 2013 00:00:00 +0000</pubDate>
      <guid>http://sagmeticinfotech.com/mlg.eng.cam.ac.uk/publication/conference-paper/</guid>
      <description>&lt;div class=&#34;alert alert-note&#34;&gt;
  &lt;div&gt;
    Click the &lt;em&gt;Cite&lt;/em&gt; button above to demo the feature to enable visitors to import publication metadata into their reference management software.
  &lt;/div&gt;
&lt;/div&gt;
&lt;p&gt;Supplementary notes can be added here, including &lt;a href=&#34;https://wowchemy.com/docs/content/writing-markdown-latex/&#34; target=&#34;_blank&#34; rel=&#34;noopener&#34;&gt;code and math&lt;/a&gt;.&lt;/p&gt;
</description>
    </item>
    
  </channel>
</rss>
